{"cameraMode":{"drawMode":0,"name":"Shaded","section":"Shading Mode"},"sceneLighting":false,"audioPlay":false,"sceneViewState":{"showFog":true,"showMaterialUpdate":false,"showSkybox":true,"showFlares":true,"showImageEffects":true,"showParticleSystems":true},"in2DMode":false,"pivot":{"x":-3.066478967666626,"y":0.7380068302154541,"z":3.360692024230957},"rotation":{"x":-0.317238450050354,"y":-0.0008549561025574803,"z":0.0002871613251045346,"w":-0.948345422744751},"size":4.120044231414795,"orthographic":false}