{"cameraMode":{"drawMode":0,"name":"Shaded","section":"Shading Mode"},"sceneLighting":true,"audioPlay":false,"sceneViewState":{"showFog":true,"showMaterialUpdate":false,"showSkybox":true,"showFlares":true,"showImageEffects":true,"showParticleSystems":true},"in2DMode":false,"pivot":{"x":-20.148143768310548,"y":1.5764143466949463,"z":-6.575252056121826},"rotation":{"x":-0.021107612177729608,"y":0.7476552724838257,"z":-0.023791221901774408,"w":-0.6633250713348389},"size":34.053550720214847,"orthographic":false}