{"cameraMode":{"drawMode":0,"name":"Shaded","section":"Shading Mode"},"sceneLighting":true,"audioPlay":false,"sceneViewState":{"showFog":true,"showMaterialUpdate":true,"showSkybox":true,"showFlares":true,"showImageEffects":true,"showParticleSystems":true},"in2DMode":false,"pivot":{"x":145.23147583007813,"y":-1.1554756164550782,"z":60.222084045410159},"rotation":{"x":-0.3728804290294647,"y":0.5514569878578186,"z":-0.30118823051452639,"w":-0.6827452778816223},"size":37.799808502197269,"orthographic":false}