{"cameraMode":{"drawMode":0,"name":"Shaded","section":"Shading Mode"},"sceneLighting":true,"audioPlay":false,"sceneViewState":{"showFog":true,"showMaterialUpdate":true,"showSkybox":true,"showFlares":true,"showImageEffects":true,"showParticleSystems":true},"in2DMode":false,"pivot":{"x":158.50181579589845,"y":-1.0789375305175782,"z":62.53668975830078},"rotation":{"x":0.04022938758134842,"y":-0.8206789493560791,"z":0.058235976845026019,"w":0.5669888257980347},"size":60.449134826660159,"orthographic":false}